{"r2": 0.3373243169567507, "rmse": 3.2719725349396884, "mae": 2.3793216174060117}