{"r2": 0.5610337378354302, "rmse": 7.225094458481236, "mae": 3.944933996560692}