{"r2": 0.4529911120483193, "rmse": 8.065385857452656, "mae": 4.456860005164678}