{"r2": 0.2984571361151146, "rmse": 3.368472163114951, "mae": 2.5077214556777894}